{
    "epoch_nums": [
        0,
        1,
        2,
        3,
        4,
        5,
        6,
        7,
        8,
        9,
        10,
        11,
        12,
        13,
        14,
        15,
        16,
        17,
        18,
        19,
        20,
        21,
        22,
        23,
        24,
        25,
        26,
        27,
        28,
        29,
        30,
        31,
        32,
        33,
        34,
        35,
        36,
        37,
        38,
        39,
        40,
        41,
        42,
        43,
        44,
        45,
        46,
        47,
        48,
        49,
        50,
        51,
        52,
        53,
        54,
        55,
        56,
        57,
        58,
        59,
        60,
        61,
        62,
        63,
        64,
        65,
        66,
        67,
        68,
        69,
        70,
        71,
        72,
        73,
        74,
        75,
        76,
        77,
        78,
        79,
        80,
        81,
        82,
        83,
        84,
        85,
        86,
        87,
        88,
        89,
        90,
        91,
        92,
        93,
        94,
        95,
        96,
        97,
        98,
        99,
        100,
        101,
        102,
        103,
        104,
        105,
        106,
        107,
        108,
        109,
        110,
        111,
        112,
        113,
        114,
        115,
        116,
        117,
        118,
        119
    ],
    "training_loss": [
        3.9183112382888794,
        3.4384878277778625,
        3.25411456823349,
        3.0056723952293396,
        3.119597762823105,
        2.9296126067638397,
        2.7030022740364075,
        2.564602941274643,
        2.747462958097458,
        2.305588349699974,
        1.8967113196849823,
        1.996179237961769,
        1.6301192045211792,
        1.4181838929653168,
        1.3033061027526855,
        1.5236383229494095,
        1.1451686173677444,
        1.3180155158042908,
        1.2223982512950897,
        0.9248710721731186,
        0.8350273668766022,
        0.9592684730887413,
        1.025623470544815,
        0.9249924719333649,
        0.8717928603291512,
        0.8817626908421516,
        0.8276607654988766,
        0.943627767264843,
        0.9118935614824295,
        0.7915609106421471,
        0.5994916409254074,
        0.6023697778582573,
        0.8016092889010906,
        0.5754387676715851,
        0.6166173294186592,
        0.6399046778678894,
        0.6287611648440361,
        0.8707273826003075,
        0.5877529643476009,
        0.7339722812175751,
        0.5642596855759621,
        0.7352422848343849,
        0.5935910940170288,
        0.6114825382828712,
        0.5420057252049446,
        0.6950599476695061,
        0.6271702349185944,
        0.6333890669047832,
        0.7591422870755196,
        0.5735203847289085,
        0.44168952479958534,
        0.8509011622518301,
        0.5988007634878159,
        0.45869340002536774,
        0.6684919558465481,
        0.6241519302129745,
        0.5117204450070858,
        0.6356762833893299,
        0.5707565508782864,
        0.6058298796415329,
        0.49574634060263634,
        0.6166757680475712,
        0.5545016415417194,
        0.6170334704220295,
        0.4988527446985245,
        0.5355439484119415,
        0.4619566388428211,
        0.5260252878069878,
        0.46812017261981964,
        0.4850245229899883,
        0.6679786592721939,
        0.6999380737543106,
        0.5505210235714912,
        0.6524561308324337,
        0.5189706794917583,
        0.5011151731014252,
        0.5096397735178471,
        0.6776631325483322,
        0.5009710937738419,
        0.6197652742266655,
        0.5103155374526978,
        0.4975477121770382,
        0.5065550766885281,
        0.5371039472520351,
        0.5489887297153473,
        0.5517105404287577,
        0.6429777257144451,
        0.6312251165509224,
        0.5219609700143337,
        0.47980014234781265,
        0.46982187777757645,
        0.5800485387444496,
        0.5700309313833714,
        0.5948579385876656,
        0.5562165752053261,
        0.5125390533357859,
        0.543355256319046,
        0.4388087186962366,
        0.4910166896879673,
        0.6470217704772949,
        0.5633708126842976,
        0.47380750998854637,
        0.4604099690914154,
        0.5083582289516926,
        0.6566884107887745,
        0.4499277099967003,
        0.532431099563837,
        0.4732334576547146,
        0.5313797481358051,
        0.5596793964505196,
        0.5484509579837322,
        0.5155389606952667,
        0.6632244326174259,
        0.45463578030467033,
        0.5503451637923717,
        0.4887738898396492,
        0.5963189490139484,
        0.5840248838067055,
        0.6552936919033527,
        0.4836457371711731
    ],