{
    "epoch_nums": [
        0,
        1,
        2,
        3,
        4,
        5,
        6,
        7,
        8,
        9,
        10,
        11,
        12,
        13,
        14,
        15,
        16,
        17,
        18,
        19,
        20,
        21,
        22,
        23,
        24,
        25,
        26,
        27,
        28,
        29,
        30,
        31,
        32,
        33,
        34,
        35,
        36,
        37,
        38,
        39,
        40,
        41,
        42,
        43,
        44,
        45,
        46,
        47,
        48,
        49,
        50,
        51,
        52,
        53,
        54,
        55,
        56,
        57,
        58,
        59
    ],
    "training_loss": [
        4.599039018154144,
        3.878654956817627,
        3.789518654346466,
        3.7031862437725067,
        3.351676881313324,
        3.509435683488846,
        3.180899888277054,
        3.206320285797119,
        3.159095376729965,
        2.940868705511093,
        2.7167162895202637,
        2.939820319414139,
        3.10820409655571,
        2.7822740375995636,
        2.8778566420078278,
        2.689813509583473,
        2.8200462758541107,
        3.0199707746505737,
        2.982449322938919,
        2.6582010686397552,
        2.808186858892441,
        2.7955996990203857,
        2.6352852284908295,
        3.007179409265518,
        2.908091902732849,
        2.5732044875621796,
        2.5920328199863434,
        2.592485398054123,
        2.417738378047943,
        2.678787648677826,
        2.563292607665062,
        2.5246437191963196,
        2.4180116206407547,
        2.6174544245004654,
        2.63146311044693,
        2.635888636112213,
        2.5457827150821686,
        2.3221146762371063,
        2.556012839078903,
        2.546056479215622,
        2.7381233870983124,
        2.2751090824604034,
        2.5569956600666046,
        2.6837846636772156,
        2.370579868555069,
        2.4619882106781006,
        2.350970983505249,
        2.5552012622356415,
        2.440869241952896,
        2.3409597277641296,
        2.681440055370331,
        2.4043006598949432,
        2.45438015460968,
        2.358978509902954,
        2.5146999955177307,
        2.7352172285318375,
        2.4330049455165863,
        2.7050308883190155,
        2.644360065460205,
        2.4561259746551514
    ],
    "validation_loss": [
        2.041987121105194,
        1.9745980501174927,
        1.8734341263771057,
        1.8059211075305939,
        1.8719913065433502,
        1.8590551912784576,
        1.9978941679000854,
        1.9226566553115845,
        1.8398410975933075,
        1.8810292780399323,
        1.8654915988445282,
        1.9404452443122864,
        1.9670302271842957,
        1.9378190636634827,
        1.9151544272899628,
        1.9861868619918823,
        1.8755366504192352,
        1.8342743515968323,
        1.8819129467010498,
        1.859057068824768,
        1.8593704402446747,
        1.9402364790439606,
        2.011566698551178,
        2.0690524578094482,
        2.00706285238266,
        1.8884827494621277,
        1.8493065536022186,
        1.8059870898723602,
        1.7925545573234558,
        1.806908130645752,
        1.8038376569747925,
        1.804815948009491,
        1.8153076767921448,
        1.778637856245041,
        1.7770029604434967,
        1.7133520543575287,
        1.7035958468914032,
        1.718358725309372,
        1.7154696881771088,
        1.7014887034893036,
        1.721433013677597,
        1.7071782946586609,
        1.7024371027946472,
        1.7028198540210724,
        1.7219454050064087,
        1.7209323644638062,
        1.7066771984100342,
        1.7207142114639282,
        1.7125587463378906,
        1.6892216801643372,
        1.68869349360466,
        1.6920103132724762,
        1.6918103396892548,
        1.7049912512302399,
        1.7098715901374817,
        1.711012989282608,
        1.723996251821518,
        1.7130844593048096,
        1.6942155361175537,
        1.7114671766757965
    ],
    "validation_acc": [
        0.8059701492537313,
        0.7910447761194029,
        0.7910447761194029,
        0.7761194029850746,
        0.7910447761194029,
        0.8059701492537313,
        0.7910447761194029,
        0.8059701492537313,
        0.7910447761194029,
        0.7761194029850746,
        0.7910447761194029,
        0.8059701492537313,
        0.7910447761194029,
        0.7910447761194029,
        0.7910447761194029,
        0.7761194029850746,
        0.8059701492537313,
        0.8059701492537313,
        0.8059701492537313,
        0.8208955223880597,
        0.8208955223880597,
        0.8059701492537313,
        0.8208955223880597,
        0.8208955223880597,
        0.8059701492537313,
        0.7910447761194029,
        0.7910447761194029,
        0.8059701492537313,
        0.8059701492537313,
        0.8208955223880597,
        0.8059701492537313,
        0.8059701492537313,
        0.8208955223880597,
        0.8059701492537313,
        0.8208955223880597,
        0.8208955223880597,
        0.8208955223880597,
        0.8208955223880597,
        0.8208955223880597,
        0.8208955223880597,
        0.8208955223880597,
        0.8208955223880597,
        0.8208955223880597,
        0.8208955223880597,
        0.8208955223880597,
        0.8208955223880597,
        0.8208955223880597,
        0.8208955223880597,
        0.8208955223880597,
        0.8208955223880597,
        0.8208955223880597,
        0.8208955223880597,
        0.8059701492537313,
        0.8208955223880597,
        0.8208955223880597,
        0.8208955223880597,
        0.8208955223880597,
        0.8208955223880597,
        0.8208955223880597,
        0.8208955223880597
    ],
    "best_accuracy": 0.8208955223880597,
    "training_time": 3.1804040948549908
}