{
    "epoch_nums": [
        0,
        1,
        2,
        3,
        4,
        5,
        6,
        7,
        8,
        9,
        10,
        11,
        12,
        13,
        14,
        15,
        16,
        17,
        18,
        19,
        20,
        21,
        22,
        23,
        24,
        25,
        26,
        27,
        28,
        29,
        30,
        31,
        32,
        33,
        34,
        35,
        36,
        37,
        38,
        39,
        40,
        41,
        42,
        43,
        44,
        45,
        46,
        47,
        48,
        49,
        50,
        51,
        52,
        53,
        54,
        55,
        56,
        57,
        58,
        59,
        60,
        61,
        62,
        63,
        64,
        65,
        66,
        67,
        68,
        69,
        70,
        71,
        72,
        73,
        74,
        75,
        76,
        77,
        78,
        79,
        80,
        81,
        82,
        83,
        84,
        85,
        86,
        87,
        88,
        89,
        90,
        91,
        92,
        93,
        94,
        95,
        96,
        97,
        98,
        99,
        100,
        101,
        102,
        103,
        104,
        105,
        106,
        107,
        108,
        109,
        110,
        111,
        112,
        113,
        114,
        115,
        116,
        117,
        118,
        119
    ],
    "training_loss": [
        4.237821400165558,
        3.753981053829193,
        3.4848418533802032,
        3.541858732700348,
        3.1620728075504303,
        3.0772911310195923,
        2.487252950668335,
        2.3770976662635803,
        2.113347291946411,
        1.7772901803255081,
        1.7280818670988083,
        1.5016066059470177,
        1.8406386226415634,
        1.7088265717029572,
        1.8129487186670303,
        1.6261497735977173,
        1.467098668217659,
        1.3980160355567932,
        1.3944837152957916,
        1.236700788140297,
        1.313167929649353,
        1.1189358159899712,
        1.4288315027952194,
        0.9270431771874428,
        1.1752861142158508,
        0.871643953025341,
        0.6719843670725822,
        0.8985626250505447,
        0.7771192491054535,
        0.640815444290638,
        0.6409116648137569,
        0.876285620033741,
        0.562557615339756,
        0.5746390596032143,
        0.6888624206185341,
        0.6617970690131187,
        0.5344258509576321,
        0.6369225457310677,
        0.635082371532917,
        0.4575601536780596,
        0.45647578313946724,
        0.8678519800305367,
        0.826591283082962,
        0.5028004385530949,
        0.7352352701127529,
        0.4370551910251379,
        0.6057107262313366,
        0.7078470960259438,
        0.48420121148228645,
        0.49429219029843807,
        0.581657662987709,
        0.5516194608062506,
        0.6068927459418774,
        0.5320829823613167,
        0.6929576247930527,
        0.486207228153944,
        0.6253727339208126,
        0.6307074315845966,
        0.4581348616629839,
        0.720155905932188,
        0.44877229258418083,
        0.5809344984591007,
        0.43249816447496414,
        0.6331136673688889,
        0.6637806631624699,
        0.5616698451340199,
        0.5789632294327021,
        0.6752741187810898,
        0.48258357867598534,
        0.5575350411236286,
        0.57251201197505,
        0.9632700607180595,
        0.6274459362030029,
        0.4887594264000654,
        0.4991137720644474,
        0.6667498126626015,
        0.4166413117200136,
        0.44970819540321827,
        0.6363495327532291,
        0.5117419175803661,
        0.5026864558458328,
        0.42549221962690353,
        0.45675066858530045,
        0.43140905536711216,
        0.4219486191868782,
        0.5145438760519028,
        0.3868301622569561,
        0.4551056269556284,
        0.6073139160871506,
        0.6696375720202923,
        0.7216965034604073,
        0.42255565896630287,
        0.5698046237230301,
        0.5613797511905432,
        0.5367139205336571,
        0.5603980198502541,
        0.5593305304646492,
        0.5267693065106869,
        0.5236738845705986,
        0.5607201047241688,
        0.4620714411139488,
        0.5892033763229847,
        0.5761658176779747,
        0.5506909396499395,
        0.4211111478507519,
        0.49827292561531067,
        0.4266217853873968,
        0.47175782546401024,
        0.44429174810647964,
        0.5767952613532543,
        0.49592255614697933,
        0.674465648829937,
        0.4302521701902151,
        0.7871248126029968,
        0.5213131979107857,
        0.4559434987604618,
        0.6703600324690342,
        0.4839158467948437,
        0.6507658027112484,
        0.4419390633702278
    ],